{"payload":{"installed_packages":["attrs==23.1.0","black==23.11.0","certifi==2023.11.17","charset-normalizer==3.3.2","click==8.1.7","colorama==0.4.6","comet-ml==3.35.4","configobj==5.0.8","configparser==6.0.0","configupdater==3.2","contourpy==1.2.0","cycler==0.12.1","dulwich==0.21.7","everett==3.1.0","filelock==3.13.1","fonttools==4.45.1","fsspec==2023.10.0","gitdb==4.0.11","gitpython==3.1.40","idna==3.6","importlib-resources==6.1.1","jinja2==3.1.2","jsonschema-specifications==2023.11.2","jsonschema==4.20.0","kiwisolver==1.4.5","markdown-it-py==3.0.0","markupsafe==2.1.3","matplotlib==3.8.2","mdurl==0.1.2","mpmath==1.3.0","mypy-extensions==1.0.0","networkx==3.2.1","numpy==1.26.2","opencv-python==4.8.1.78","packaging==23.2","pandas==2.1.3","pathspec==0.11.2","pillow==10.1.0","pip==23.3.2","platformdirs==4.0.0","psutil==5.9.6","py-cpuinfo==9.0.0","pygments==2.17.2","pyparsing==3.1.1","python-box==6.1.0","python-dateutil==2.8.2","pytz==2023.3.post1","pyyaml==6.0.1","referencing==0.31.1","requests-toolbelt==1.0.0","requests==2.31.0","rich==13.7.0","rpds-py==0.13.2","scipy==1.11.4","seaborn==0.13.0","semantic-version==2.10.0","sentry-sdk==1.38.0","setuptools==69.0.2","simplejson==3.19.2","six==1.16.0","smmap==5.0.1","sympy==1.12","thop==0.1.1.post2209072238","tomli==2.0.1","torch==2.1.1","torchvision==0.16.1","tqdm==4.66.1","typing-extensions==4.8.0","tzdata==2023.3","ultralytics==8.0.221","urllib3==2.1.0","websocket-client==1.3.3","wrapt==1.16.0","wurlitzer==3.0.3","zipp==3.17.0"],"local_timestamp":1706876720389,"message_id":1},"type":"ws_msg"}
{"payload":{"env_details":{"command":["train.py","--img","640","--batch","16","--epochs","3","--data","coco.yaml","--weights","yolov5s.pt","--cache"],"env":null,"hostname":"THSTTLT21516","ip":"43.72.96.66","machine":"AMD64","os":"Windows-10-10.0.22621","os_release":"10","os_type":"Windows","pid":17700,"processor":"Intel64 Family 6 Model 140 Stepping 1, GenuineIntel","python_exe":"C:\\Users\\5022820537\\venv\\Scripts\\python.exe","python_version":"3.9.8","python_version_verbose":"3.9.8 (tags/v3.9.8:bb3fdcf, Nov  5 2021, 20:48:33) [MSC v.1929 64 bit (AMD64)]","user":"5022820537"},"local_timestamp":1706876720493,"message_id":2},"type":"ws_msg"}
{"payload":{"local_timestamp":1706876720764,"message_id":3,"param":{"paramName":"img","paramValue":640,"source":"cli","step":null}},"type":"parameter_msg"}
{"payload":{"local_timestamp":1706876720764,"message_id":4,"param":{"paramName":"batch","paramValue":16,"source":"cli","step":null}},"type":"parameter_msg"}
{"payload":{"local_timestamp":1706876720764,"message_id":5,"param":{"paramName":"epochs","paramValue":3,"source":"cli","step":null}},"type":"parameter_msg"}
{"payload":{"local_timestamp":1706876720764,"message_id":6,"param":{"paramName":"data","paramValue":"coco.yaml","source":"cli","step":null}},"type":"parameter_msg"}
{"payload":{"local_timestamp":1706876720764,"message_id":7,"param":{"paramName":"weights","paramValue":"yolov5s.pt","source":"cli","step":null}},"type":"parameter_msg"}
{"payload":{"local_timestamp":1706876720764,"message_id":8,"param":{"paramName":"cache","paramValue":true,"source":"cli","step":null}},"type":"parameter_msg"}
{"payload":{"local_timestamp":1706876720764,"message_id":9,"metric":{"epoch":null,"metricName":"sys.cpu.percent.avg","metricValue":0.0,"step":null}},"type":"metric_msg"}
{"payload":{"local_timestamp":1706876720764,"message_id":10,"metric":{"epoch":null,"metricName":"sys.ram.total","metricValue":8316026880,"step":null}},"type":"metric_msg"}
{"payload":{"local_timestamp":1706876720764,"message_id":11,"metric":{"epoch":null,"metricName":"sys.ram.used","metricValue":7409049600,"step":null}},"type":"metric_msg"}
{"payload":{"local_timestamp":1706876720764,"message_id":12,"metric":{"epoch":null,"metricName":"sys.ram.available","metricValue":906977280,"step":null}},"type":"metric_msg"}
{"payload":{"local_timestamp":1706876720764,"message_id":13,"metric":{"epoch":null,"metricName":"sys.ram.percent.used","metricValue":89.1,"step":null}},"type":"metric_msg"}
{"payload":{"local_timestamp":1706876720764,"message_id":14,"metric":{"epoch":null,"metricName":"sys.load.avg","metricValue":0.0,"step":null}},"type":"metric_msg"}
{"payload":{"local_timestamp":1706876720764,"log_other":{"key":"offline_experiment","val":true},"message_id":15},"type":"ws_msg"}
{"payload":{"local_timestamp":1706876720764,"log_other":{"key":"Name","val":"exp"},"message_id":16},"type":"ws_msg"}
{"payload":{"local_timestamp":1706876720764,"message_id":17,"stderr":true,"stdout":"Traceback (most recent call last):\n"},"type":"ws_msg"}
{"payload":{"local_timestamp":1706876720764,"message_id":18,"stderr":true,"stdout":"  File \"C:\\Users\\5022820537\\yolov5\\train.py\", line 648, in <module>\n"},"type":"ws_msg"}
{"payload":{"local_timestamp":1706876720764,"message_id":19,"stderr":true,"stdout":"    "},"type":"ws_msg"}
{"payload":{"local_timestamp":1706876720764,"message_id":20,"stderr":true,"stdout":"main(opt)"},"type":"ws_msg"}
{"payload":{"local_timestamp":1706876720774,"message_id":21,"stderr":true,"stdout":"\n"},"type":"ws_msg"}
{"payload":{"local_timestamp":1706876720774,"message_id":22,"stderr":true,"stdout":"  File \"C:\\Users\\5022820537\\yolov5\\train.py\", line 537, in main\n"},"type":"ws_msg"}
{"payload":{"local_timestamp":1706876720774,"message_id":23,"stderr":true,"stdout":"    "},"type":"ws_msg"}
{"payload":{"local_timestamp":1706876720774,"message_id":24,"stderr":true,"stdout":"train(opt.hyp, opt, device, callbacks)"},"type":"ws_msg"}
{"payload":{"local_timestamp":1706876720774,"message_id":25,"stderr":true,"stdout":"\n"},"type":"ws_msg"}
{"payload":{"local_timestamp":1706876720774,"message_id":26,"stderr":true,"stdout":"  File \"C:\\Users\\5022820537\\yolov5\\train.py\", line 101, in train\n"},"type":"ws_msg"}
{"payload":{"local_timestamp":1706876720774,"message_id":27,"stderr":true,"stdout":"    "},"type":"ws_msg"}
{"payload":{"local_timestamp":1706876720774,"message_id":28,"stderr":true,"stdout":"loggers = Loggers(save_dir, weights, opt, hyp, LOGGER)  # loggers instance"},"type":"ws_msg"}
{"payload":{"local_timestamp":1706876720774,"message_id":29,"stderr":true,"stdout":"\n"},"type":"ws_msg"}
{"payload":{"local_timestamp":1706876720774,"message_id":30,"stderr":true,"stdout":"  File \"C:\\Users\\5022820537\\yolov5\\utils\\loggers\\__init__.py\", line 129, in __init__\n"},"type":"ws_msg"}
{"payload":{"local_timestamp":1706876720778,"message_id":31,"stderr":true,"stdout":"    "},"type":"ws_msg"}
{"payload":{"local_timestamp":1706876720778,"message_id":32,"stderr":true,"stdout":"self.comet_logger = CometLogger(self.opt, self.hyp)"},"type":"ws_msg"}
{"payload":{"local_timestamp":1706876720778,"message_id":33,"stderr":true,"stdout":"\n"},"type":"ws_msg"}
{"payload":{"local_timestamp":1706876720779,"message_id":34,"stderr":true,"stdout":"  File \"C:\\Users\\5022820537\\yolov5\\utils\\loggers\\comet\\__init__.py\", line 98, in __init__\n"},"type":"ws_msg"}
{"payload":{"local_timestamp":1706876720780,"message_id":35,"stderr":true,"stdout":"    "},"type":"ws_msg"}
{"payload":{"local_timestamp":1706876720780,"message_id":36,"stderr":true,"stdout":"self.data_dict = self.check_dataset(self.opt.data)"},"type":"ws_msg"}
{"payload":{"local_timestamp":1706876720780,"message_id":37,"stderr":true,"stdout":"\n"},"type":"ws_msg"}
{"payload":{"local_timestamp":1706876720781,"message_id":38,"stderr":true,"stdout":"  File \"C:\\Users\\5022820537\\yolov5\\utils\\loggers\\comet\\__init__.py\", line 233, in check_dataset\n"},"type":"ws_msg"}
{"payload":{"local_timestamp":1706876720781,"message_id":39,"stderr":true,"stdout":"    "},"type":"ws_msg"}
{"payload":{"local_timestamp":1706876720781,"message_id":40,"stderr":true,"stdout":"data_config = yaml.safe_load(f)"},"type":"ws_msg"}
{"payload":{"local_timestamp":1706876720781,"message_id":41,"stderr":true,"stdout":"\n"},"type":"ws_msg"}
{"payload":{"local_timestamp":1706876720782,"message_id":42,"stderr":true,"stdout":"  File \"C:\\Users\\5022820537\\venv\\lib\\site-packages\\yaml\\__init__.py\", line 125, in safe_load\n"},"type":"ws_msg"}
{"payload":{"local_timestamp":1706876720783,"message_id":43,"stderr":true,"stdout":"    "},"type":"ws_msg"}
{"payload":{"local_timestamp":1706876720783,"message_id":44,"stderr":true,"stdout":"return load(stream, SafeLoader)"},"type":"ws_msg"}
{"payload":{"local_timestamp":1706876720783,"message_id":45,"stderr":true,"stdout":"\n"},"type":"ws_msg"}
{"payload":{"local_timestamp":1706876720783,"message_id":46,"stderr":true,"stdout":"  File \"C:\\Users\\5022820537\\venv\\lib\\site-packages\\yaml\\__init__.py\", line 79, in load\n"},"type":"ws_msg"}
{"payload":{"local_timestamp":1706876720783,"message_id":47,"stderr":true,"stdout":"    "},"type":"ws_msg"}
{"payload":{"local_timestamp":1706876720783,"message_id":48,"stderr":true,"stdout":"loader = Loader(stream)"},"type":"ws_msg"}
{"payload":{"local_timestamp":1706876720783,"message_id":49,"stderr":true,"stdout":"\n"},"type":"ws_msg"}
{"payload":{"local_timestamp":1706876720786,"message_id":50,"stderr":true,"stdout":"  File \"C:\\Users\\5022820537\\venv\\lib\\site-packages\\yaml\\loader.py\", line 34, in __init__\n"},"type":"ws_msg"}
{"payload":{"local_timestamp":1706876720789,"message_id":51,"stderr":true,"stdout":"    "},"type":"ws_msg"}
{"payload":{"local_timestamp":1706876720790,"message_id":52,"stderr":true,"stdout":"Reader.__init__(self, stream)"},"type":"ws_msg"}
{"payload":{"local_timestamp":1706876720790,"message_id":53,"stderr":true,"stdout":"\n"},"type":"ws_msg"}
{"payload":{"local_timestamp":1706876720790,"message_id":54,"stderr":true,"stdout":"  File \"C:\\Users\\5022820537\\venv\\lib\\site-packages\\yaml\\reader.py\", line 85, in __init__\n"},"type":"ws_msg"}
{"payload":{"local_timestamp":1706876720791,"message_id":55,"stderr":true,"stdout":"    "},"type":"ws_msg"}
{"payload":{"local_timestamp":1706876720791,"message_id":56,"stderr":true,"stdout":"self.determine_encoding()"},"type":"ws_msg"}
{"payload":{"local_timestamp":1706876720792,"message_id":57,"stderr":true,"stdout":"\n"},"type":"ws_msg"}
{"payload":{"local_timestamp":1706876720792,"message_id":58,"stderr":true,"stdout":"  File \"C:\\Users\\5022820537\\venv\\lib\\site-packages\\yaml\\reader.py\", line 124, in determine_encoding\n"},"type":"ws_msg"}
{"payload":{"local_timestamp":1706876720793,"message_id":59,"stderr":true,"stdout":"    "},"type":"ws_msg"}
{"payload":{"local_timestamp":1706876720793,"message_id":60,"stderr":true,"stdout":"self.update_raw()"},"type":"ws_msg"}
{"payload":{"local_timestamp":1706876720793,"message_id":61,"stderr":true,"stdout":"\n"},"type":"ws_msg"}
{"payload":{"local_timestamp":1706876720796,"message_id":62,"stderr":true,"stdout":"  File \"C:\\Users\\5022820537\\venv\\lib\\site-packages\\yaml\\reader.py\", line 178, in update_raw\n"},"type":"ws_msg"}
{"payload":{"local_timestamp":1706876720796,"message_id":63,"stderr":true,"stdout":"    "},"type":"ws_msg"}
{"payload":{"local_timestamp":1706876720796,"message_id":64,"stderr":true,"stdout":"data = self.stream.read(size)"},"type":"ws_msg"}
{"payload":{"local_timestamp":1706876720796,"message_id":65,"stderr":true,"stdout":"\n"},"type":"ws_msg"}
{"payload":{"local_timestamp":1706876720802,"message_id":66,"stderr":true,"stdout":"  File \"C:\\Users\\5022820537\\AppData\\Local\\Programs\\Python\\Python39\\lib\\encodings\\cp1252.py\", line 23, in decode\n"},"type":"ws_msg"}
{"payload":{"local_timestamp":1706876720802,"message_id":67,"stderr":true,"stdout":"    "},"type":"ws_msg"}
{"payload":{"local_timestamp":1706876720802,"message_id":68,"stderr":true,"stdout":"return codecs.charmap_decode(input, self.errors, decoding_table)[0]"},"type":"ws_msg"}
{"payload":{"local_timestamp":1706876720803,"message_id":69,"stderr":true,"stdout":"\n"},"type":"ws_msg"}
{"payload":{"local_timestamp":1706876720803,"message_id":70,"stderr":true,"stdout":"UnicodeDecodeError"},"type":"ws_msg"}
{"payload":{"local_timestamp":1706876720803,"message_id":71,"stderr":true,"stdout":": "},"type":"ws_msg"}
{"payload":{"local_timestamp":1706876720803,"message_id":72,"stderr":true,"stdout":"'charmap' codec can't decode byte 0x90 in position 232: character maps to <undefined>"},"type":"ws_msg"}
{"payload":{"local_timestamp":1706876720803,"message_id":73,"stderr":true,"stdout":"\n"},"type":"ws_msg"}
{"payload":{"git_meta":{"branch":"refs/heads/main","origin":"https://github.com/Preamchi/ai.git","parent":"3f02fdee1d8f1a6cf18a24be3438096466367d9f","repo_name":"ai","root":"1e84a23f38fad9e52b59101e9f1246d93066ed1e","status":null,"user":null},"local_timestamp":1706876721162,"message_id":74},"type":"ws_msg"}
{"payload":{"local_timestamp":1706876721162,"message_id":75,"stderr":true,"stdout":"\u001b[1;38;5;39mCOMET INFO:\u001b[0m ---------------------------------------------------------------------------------------\n"},"type":"ws_msg"}
{"payload":{"local_timestamp":1706876721162,"message_id":76,"stderr":true,"stdout":"\u001b[1;38;5;39mCOMET INFO:\u001b[0m Comet.ml OfflineExperiment Summary\n"},"type":"ws_msg"}
{"payload":{"local_timestamp":1706876721162,"message_id":77,"stderr":true,"stdout":"\u001b[1;38;5;39mCOMET INFO:\u001b[0m ---------------------------------------------------------------------------------------\n"},"type":"ws_msg"}
{"payload":{"local_timestamp":1706876721162,"message_id":78,"stderr":true,"stdout":"\u001b[1;38;5;39mCOMET INFO:\u001b[0m   Data:\n"},"type":"ws_msg"}
{"payload":{"local_timestamp":1706876721162,"message_id":79,"stderr":true,"stdout":"\u001b[1;38;5;39mCOMET INFO:\u001b[0m     display_summary_level : 1\n"},"type":"ws_msg"}
{"payload":{"local_timestamp":1706876721162,"message_id":80,"stderr":true,"stdout":"\u001b[1;38;5;39mCOMET INFO:\u001b[0m     url                   : [OfflineExperiment will get URL after upload]\n"},"type":"ws_msg"}
{"payload":{"local_timestamp":1706876721162,"message_id":81,"stderr":true,"stdout":"\u001b[1;38;5;39mCOMET INFO:\u001b[0m   Others:\n"},"type":"ws_msg"}
{"payload":{"local_timestamp":1706876721162,"message_id":82,"stderr":true,"stdout":"\u001b[1;38;5;39mCOMET INFO:\u001b[0m     Name               : exp\n"},"type":"ws_msg"}
{"payload":{"local_timestamp":1706876721172,"message_id":83,"stderr":true,"stdout":"\u001b[1;38;5;39mCOMET INFO:\u001b[0m     offline_experiment : True\n"},"type":"ws_msg"}
{"payload":{"local_timestamp":1706876721172,"message_id":84,"stderr":true,"stdout":"\u001b[1;38;5;39mCOMET INFO:\u001b[0m   Uploads:\n"},"type":"ws_msg"}
{"payload":{"local_timestamp":1706876721172,"message_id":85,"stderr":true,"stdout":"\u001b[1;38;5;39mCOMET INFO:\u001b[0m     environment details : 1\n"},"type":"ws_msg"}
{"payload":{"local_timestamp":1706876721172,"message_id":86,"stderr":true,"stdout":"\u001b[1;38;5;39mCOMET INFO:\u001b[0m     git metadata        : 1\n"},"type":"ws_msg"}
{"payload":{"local_timestamp":1706876721172,"message_id":87,"stderr":true,"stdout":"\u001b[1;38;5;39mCOMET INFO:\u001b[0m     installed packages  : 1\n"},"type":"ws_msg"}
{"payload":{"local_timestamp":1706876721172,"message_id":88,"stderr":true,"stdout":"\u001b[1;38;5;39mCOMET INFO:\u001b[0m \n"},"type":"ws_msg"}
